<Page loaded="pageLoaded" class="page" xmlns="http://www.nativescript.org/tns.xsd">
	<ActionBar title="Mail my diet">
		<NavigationButton text="Go Back" android.systemIcon="ic_menu_back" itemTap="onItemTap" name="myBackBut"></NavigationButton>
	</ActionBar>

	<ScrollView>
	<StackLayout class="MyStackLayout" >	

			<Label  text="Mail your personal meal plan" class="e"/>
				
				<TextField class="input" text="{{ email }}" hint="Email" keyboardType="email" autocorrect="false" autocapitalizationType="none"/>
				<Label/>			
			
				<TextField  hint="Side note" />
				<Label class="hr-light" />
		
			<Button  text="Send" class="sendMe"/>
			
		</StackLayout>
	</ScrollView>
</Page>