<Page loaded="pageLoaded" class="page" xmlns="http://www.nativescript.org/tns.xsd">

	<ActionBar title="My Meal Plan" class="action-bar">
	</ActionBar>
	<ScrollView>
		<StackLayout class="MyStackLayout">
			<Label text="Click the button to view meal for the day" class="MyLabel" />
		
			<button class="MyMealButton" text="Day 1">Day 1</button>
			<button class="MyMealButton" text="Day 2">Day 2</button>
			<button class="MyMealButton" text="Day 3">Day 3</button>
			<button class="MyMealButton" text="Day 4">Day 4</button>
			<button class="MyMealButton" text="Day 5">Day 5</button>
			<button class="MyMealButton" text="Day 6">Day 6</button>
			<button class="MyMealButton" text="Day ">Day 7</button>
			<button class="MyMealActionButton" text="Print Diet">Print Diet</button>
		<button class="MyMealActionButton" text="Email diet">Print Diet</button>

		</StackLayout>
	</ScrollView>
</Page>