<!--
The TabView component provides a simple way to navigate between different views by
tapping on some of the tabs or by swiping between the views.
Learn more about the TabView component in this documentation article:
http://docs.nativescript.org/cookbook/ui/tab-view
-->
<TabView androidTabsPosition="bottom">
    <TabViewItem title="Home" ios:iconSource="res://tabIcons/home" android:iconSource="res://home">
        <Frame defaultPage="home/home-items-page"></Frame>
    </TabViewItem>

    <TabViewItem title="Browse" ios:iconSource="res://tabIcons/browse" android:iconSource="res://browse">
        <Frame defaultPage="browse/browse-page"></Frame>
    </TabViewItem>

    <TabViewItem title="Search" ios:iconSource="res://tabIcons/search" android:iconSource="res://search">
        <Frame defaultPage="search/search-page"></Frame>
    </TabViewItem>
</TabView>
