<Page
    class="page"
    navigatingTo="onNavigatingTo"  
    xmlns="http://schemas.nativescript.org/tns.xsd">

    <ActionBar class="action-bar">
        <Label class="action-bar-title" text="Profile Settings"></Label>
    </ActionBar>

    <ListView items="{{ items }}" itemTap="onItemTap" class="list-group">
        <ListView.itemTemplate>
            <StackLayout orientation="horizontal" class="list-group-item">
                <Label text="{{ name }}" textWrap="true"></Label>
            </StackLayout>
        </ListView.itemTemplate>
    </ListView>
</Page>