<template>
	<Page class="page">
		<ActionBar title="Meals -Day 1" />
		<ScrollView>
			<StackLayout class="MyStackLayout">
				<Label text="The diet plan can be change according to your needs" class="l" />
				<Label text="BREAKFAST" class="MyMealLabel" />


				<GridLayout columns="200, 200,150" rows="40, 40, 40" width="500" height="120" backgroundColor="#f2f2f2">
					<Label text="Item 1" row="0" col="0" class="MyTable" />
					<Label text="Measurement" row="0" col="1" class="MyTable" />
					<Label text="Item 2" row="1" col="0" class="MyTable" />
					<Label text="Measurement" row="1" col="1" class="MyTable" />
					<Label text="Item 3" row="2" col="0" class="MyTable" />
					<Label text="Measurement" row="2" col="1" class="MyTable" />
				</GridLayout>
				<Label></Label>

				<Label text="MORNING SNACK" class="MyMealLabel" />
				<GridLayout columns="200, 200,150" rows="40, 40, 40,40" width="500" height="160" backgroundColor="#f2f2f2">
					<Label text="Item 1" row="0" col="0" class="MyTable" />
					<Label text="Measurement" row="0" col="1" class="MyTable" />
					<Label text="Item 2" row="1" col="0" class="MyTable" />
					<Label text="Measurement" row="1" col="1" class="MyTable" />
					<Label text="Item 3" row="2" col="0" class="MyTable" />
					<Label text="Measurement" row="2" col="1" class="MyTable" />
					<Label text="Item 4" row="3" col="0" class="MyTable" />
					<Label text="Measurement" row="3" col="1" class="MyTable" />

				</GridLayout>
				<Label></Label>

				<Label text="LUNCH" class="MyMealLabel" />
				<GridLayout columns="200, 200,150" rows="40, 40, 40,40" width="500" height="160" backgroundColor="#f2f2f2">
					<Label text="Item 1" row="0" col="0" class="MyTable" />
					<Label text="Measurement" row="0" col="1" class="MyTable" />
					<Label text="Item 2" row="1" col="0" class="MyTable" />
					<Label text="Measurement" row="1" col="1" class="MyTable" />
					<Label text="Item 3" row="2" col="0" class="MyTable" />
					<Label text="Measurement" row="2" col="1" class="MyTable" />
					<Label text="Item 4" row="3" col="0" class="MyTable" />
					<Label text="Measurement" row="3" col="1" class="MyTable" />
				</GridLayout>
				<Label></Label>

				<Label text="AFTERNOON SNACK" class="MyMealLabel" />
				<GridLayout columns="200, 200,150" rows="40, 40" width="500" height="80" backgroundColor="#f2f2f2">
					<Label text="Item 1" row="0" col="0" class="MyTable" />
					<Label text="Measurement" row="0" col="1" class="MyTable" />
					<Label text="Item 2" row="1" col="0" class="MyTable" />
					<Label text="Measurement" row="1" col="1" class="MyTable" />

				</GridLayout>
				<Label></Label>
				<Label text="SUPPER" class="MyMealLabel" />
				<GridLayout columns="200, 200,150" rows="40, 40, 40,40,40" width="500" height="200" backgroundColor="#f2f2f2">
					<Label text="Item 1" row="0" col="0" class="MyTable" />
					<Label text="Measurement" row="0" col="1" class="MyTable" />
					<Label text="Item 2" row="1" col="0" class="MyTable" />
					<Label text="Measurement" row="1" col="1" class="MyTable" />
					<Label text="Item 3" row="2" col="0" class="MyTable" />
					<Label text="Measurement" row="2" col="1" class="MyTable" />
					<Label text="Item 4" row="3" col="0" class="MyTable" />
					<Label text="Measurement" row="3" col="1" class="MyTable" />
					<Label text="Item 5" row="4" col="0" class="MyTable" />
					<Label text="Measurement" row="4" col="1" class="MyTable" />
				</GridLayout>
				<Label/>
				<Button text="Change meal plan" @tap="onButtonTap" class="MyMealButton" />
				<Label/>
			</StackLayout>


		</ScrollView>
	</Page>
</template>

<script>
	export default {
    methods: {
        onButtonTap() {
			
            console.log("Button was pressed");
        },
    },
    data() {
        return {};
    },
}

</script>