<Page loaded="pageLoaded" class="page" xmlns="http://www.nativescript.org/tns.xsd">
	<ActionBar title="Food List" class="action-bar">
	</ActionBar>
	<ScrollView class="page">
		<ListView class="list-group" itemTap="onItemTap" items="{{ data }}">
			<ListView.itemTemplate>
				<GridLayout class="list-group-item" rows="*" columns="auto, *">
					<Image row="0" col="0" src="{{ src }}" class="thumb img-circle"></Image>
					<Label row="0" col="1" text="{{ text }}" class="foodList"></Label>
					
				</GridLayout>
			</ListView.itemTemplate>
		</ListView>
	</ScrollView>
</Page>